id,type,UniprotID,Entrez_ID
PTGS1,Gene,,
ADCY6,Gene,O43306,O43306
GNRHR2,Gene,Q96P88,Q96P88
NMUR1,Gene,Q9HB89,Q9HB89
PNOC,Gene,Q13519,Q13519
PROK2,Gene,Q9HC23,Q9HC23
PTPN1,Gene,P18031,P18031
GNG10,Gene,P50151,P50151
GRM5,Gene,P41594,P41594
NPY2R,Gene,P49146,P49146
DGKD,Gene,Q16760,Q16760
P2RY12,Gene,Q9H244,Q9H244
PRKX,Gene,P51817,P51817
PDE1B,Gene,Q01064,Q01064
IRF4,Gene,Q15306,Q15306
TAS2R50,Gene,P59544,P59544
EDN1,Gene,P05305,P05305
GNB4,Gene,Q9HAV0,Q9HAV0
RGS7,Gene,P49802,P49802
HSP90AB1,Gene,P08238,P08238
AREG,Gene,P15514,P15514
EPGN,Gene,Q6UW88,Q6UW88
SP1,Gene,P08047,P08047
TAS2R46,Gene,P59540,P59540
SUMO1,Gene,P63165,P63165
TAS2R19,Gene,P59542,P59542
CX3CR1,Gene,P49238,P49238
TAS2R4,Gene,Q9NYW5,Q9NYW5
RRH,Gene,O14718,O14718
GPSM3,Gene,Q9Y4H4,Q9Y4H4
CXCR1,Gene,P25024,P25024
NPFFR1,Gene,Q9GZQ6,Q9GZQ6
CCR9,Gene,P51686,P51686
INTERFERON GAMMA SIGNALING,pathway,,
FLT3,Gene,,
TAS2R8,Gene,Q9NYW2,Q9NYW2
CHRM2,Gene,P08172,P08172
GRM8,Gene,O00222,O00222
TRIM21,Gene,P19474,P19474
GPR18,Gene,Q14330,Q14330
DRD2,Gene,,
GNG3,Gene,P63215,P63215
TYK2,Gene,,
CNR2,Gene,P34972,P34972
GNAI1,Gene,P63096,P63096
CXCL3,Gene,P19876,P19876
PML,Gene,P29590,P29590
H2BC3,Gene,P33778,P33778
JUND,Gene,P17535,P17535
AGO1,Gene,Q9UL18,Q9UL18
TRPC3,Gene,Q13507,Q13507
ADRA1D,Gene,P25100,P25100
OPN5,Gene,Q6U736,Q6U736
DGKI,Gene,O75912,O75912
KAT2B,Gene,Q92831,Q92831
CYSLTR2,Gene,Q9NS75,Q9NS75
KAT5,Gene,Q92993,Q92993
TRIM14,Gene,Q14142,Q14142
TAS2R9,Gene,Q9NYW1,Q9NYW1
LDHA,Gene,,
ACHE,Gene,,
DAGLA,Gene,Q9Y4D2,Q9Y4D2
TAS2R31,Gene,P59538,P59538
TAS2R42,Gene,Q7RTR8,Q7RTR8
CCL4,Gene,P13236,P13236
PPARG,Gene,,
LTB4R,Gene,Q15722,Q15722
PRKCE,Gene,Q02156,Q02156
SRC,Gene,P12931,P12931
RGS3,Gene,P49796,P49796
RPS6KA1,Gene,Q15418,Q15418
TRIM35,Gene,Q9UPQ4,Q9UPQ4
GNAL,Gene,P38405,P38405
TLE3,Gene,Q04726,Q04726
ATM,Gene,,
GPSM1,Gene,Q86YR5,Q86YR5
HSPB1,Gene,P04792,P04792
NMUR2,Gene,Q9GZQ4,Q9GZQ4
SLC6A4,Gene,,
CYSLTR1,Gene,Q9Y271,Q9Y271
MMP9,Gene,P14780,P14780
CAMK4,Gene,Q16566,Q16566
TGFA,Gene,P01135,P01135
AVP,Gene,P01185,P01185
HLA-DPB1,Gene,P04440,P04440
TRPC7,Gene,Q9HCX4,Q9HCX4
CCL21,Gene,O00585,O00585
RUNX1,Gene,Q01196,Q01196
ADCY7,Gene,P51828,P51828
TAS2R5,Gene,Q9NYW4,Q9NYW4
H2BC15,Gene,Q99877,Q99877
TAS2R40,Gene,P59535,P59535
PTGDR2,Gene,Q9Y5Y4,Q9Y5Y4
MAPK8,Gene,,
PDE4D,Gene,Q08499,Q08499
H2BC11,Gene,P06899,P06899
G ALPHA (Q) SIGNALLING EVENTS,pathway,,
AKT2,Gene,P31751,P31751
CCKBR,Gene,P32239,P32239
KDM1A,Gene,O60341,O60341
SAA1,Gene,P0DJI8,P0DJI8
MMP7,Gene,P09237,P09237
ERBB4,Gene,Q15303-1,Q15303-1
ERBB4,Gene,Q15303-3,Q15303-3
AURKB,Gene,,
CCR6,Gene,P51684,P51684
NTSR1,Gene,P30989,P30989
CX3CL1,Gene,P78423,P78423
FOSB,Gene,P53539,P53539
CXCR6,Gene,O00574,O00574
TAS2R43,Gene,P59537,P59537
ADORA3,Gene,P0DMS8,P0DMS8
FKBP5,Gene,Q13451,Q13451
BCL2,Gene,P10415,P10415
HCRTR1,Gene,O43613,O43613
LTB4R2,Gene,Q9NPC1,Q9NPC1
RET,Gene,,
RXFP4,Gene,Q8TDU9,Q8TDU9
RGS10,Gene,O43665,O43665
GNRH2,Gene,O43555,O43555
SSTR2,Gene,P30874,P30874
PF4,Gene,P02776,P02776
MTNR1B,Gene,P49286,P49286
TAS2R3,Gene,Q9NYW6,Q9NYW6
PLCB2,Gene,Q00722,Q00722
GPR37,Gene,O15354,O15354
POLR2G,Gene,P62487,P62487
GRK5,Gene,P34947,P34947
DYRK1A,Gene,,
GBP5,Gene,Q96PP8,Q96PP8
BDKRB1,Gene,P46663,P46663
S1PR3,Gene,Q99500,Q99500
GRB2,Gene,P62993-1,P62993-1
GAL,Gene,P22466,P22466
TAS2R7,Gene,Q9NYW3,Q9NYW3
CD44,Gene,P16070,P16070
MED1,Gene,Q15648,Q15648
POLR2H,Gene,P52434,P52434
H2BC14,Gene,Q99879,Q99879
ACKR3,Gene,P25106,P25106
HLA-DRA,Gene,P01903,P01903
DGKK,Gene,Q5KSL6,Q5KSL6
DHODH,Gene,,
CYP3A4,Gene,,
UTS2,Gene,O95399,O95399
APLNR,Gene,P35414,P35414
JAK1,Gene,P23458,P23458
POLR2C,Gene,P19387,P19387
CCR4,Gene,P51679,P51679
GNA15,Gene,P30679,P30679
HTR2B,Gene,P41595,P41595
CACNA1G,Gene,,
PPP2R1A,Gene,P30153,P30153
MYC,Gene,P01106,P01106
HCRT,Gene,O43612,O43612
KNG1,Gene,P01042,P01042
GNAQ,Gene,P50148,P50148
KCTD6,Gene,Q8NC69,Q8NC69
RLN3,Gene,Q8WXF3,Q8WXF3
NPY4R,Gene,P50391,P50391
GRM7,Gene,Q14831,Q14831
ADRA2A,Gene,P08913,P08913
SUCNR1,Gene,Q9BXA5,Q9BXA5
KLKB1,Gene,,
P2RY1,Gene,P47900,P47900
ELANE,Gene,,
GALR2,Gene,O43603,O43603
CCL20,Gene,P78556,P78556
H2BC12L,Gene,P57053,P57053
DGKE,Gene,P52429,P52429
CORT,Gene,O00230,O00230
CAMKK2,Gene,Q96RR4,Q96RR4
GSK3B,Gene,,
F2RL1,Gene,P55085,P55085
GRPR,Gene,P30550,P30550
BRAF,Gene,,
RGS18,Gene,Q9NS28,Q9NS28
CIITA,Gene,P33076,P33076
USF2,Gene,Q15853,Q15853
CAMKK1,Gene,Q8N5S9,Q8N5S9
ABHD12,Gene,Q8N2K0,Q8N2K0
PCP2,Gene,Q8IVA1,Q8IVA1
GNG8,Gene,Q9UK08,Q9UK08
CCR10,Gene,P46092,P46092
JAK3,Gene,,
ADCY8,Gene,P40145,P40145
EPHX2,Gene,,
CITED1,Gene,Q99966,Q99966
H2BC4,Gene,P62807,P62807
KDR,Gene,,
RGS5,Gene,O15539,O15539
GABBR2,Gene,O75899,O75899
FGFR1,Gene,,
PPARD,Gene,,
GNAI3,Gene,P08754,P08754
DGKZ,Gene,Q13574,Q13574
HLA-F,Gene,P30511,P30511
GPR39,Gene,O43194,O43194
QRFP,Gene,P83859,P83859
PIK3CB,Gene,,
HLA-C,Gene,P10321,P10321
C3,Gene,P01024,P01024
PENK,Gene,P01210,P01210
STAT1,Gene,P42224-1,P42224-1
H2BC26,Gene,Q8N257,Q8N257
HLA-DRB1,Gene,P01911,P01911
FCGR1A,Gene,P12314,P12314
TAC3,Gene,Q9UHF0,Q9UHF0
PPP2R1B,Gene,P30154,P30154
CCR8,Gene,P51685,P51685
OASL,Gene,Q15646,Q15646
TAS2R10,Gene,Q9NYW0,Q9NYW0
CTSD,Gene,P07339,P07339
CXCR4,Gene,P61073,P61073
INSL5,Gene,Q9Y5Q6,Q9Y5Q6
NCOA2,Gene,Q15596,Q15596
HEBP1,Gene,Q9NRV9,Q9NRV9
AGTR2,Gene,P50052,P50052
NRAS,Gene,P01111,P01111
RGS17,Gene,Q9UGC6,Q9UGC6
PRKCD,Gene,Q05655,Q05655
TAS1R2,Gene,Q8TE23,Q8TE23
RGR,Gene,P47804,P47804
GTF2F2,Gene,P13984,P13984
TRIO,Gene,O75962,O75962
PIAS1,Gene,O75925,O75925
IDH1,Gene,,
PRKACG,Gene,P22612,P22612
PRKCQ,Gene,Q04759,Q04759
FFAR3,Gene,O14843,O14843
XCR1,Gene,P46094,P46094
MT-RNR2,Gene,Q8IVG9,Q8IVG9
GNRHR,Gene,P30968,P30968
SST,Gene,P61278,P61278
IDO1,Gene,,
AR,Gene,,
NPY,Gene,P01303,P01303
PRKAR1B,Gene,P31321,P31321
GNA14,Gene,O95837,O95837
F2RL2,Gene,O00254,O00254
GNGT1,Gene,P63211,P63211
GNB1,Gene,P62873,P62873
ESR2,Gene,Q92731,Q92731
NMBR,Gene,P28336,P28336
PPP2CA,Gene,P67775,P67775
POMC,Gene,P01189,P01189
PLA2G4A,Gene,P47712,P47712
P2RY14,Gene,Q15391,Q15391
CXCL6,Gene,P80162,P80162
FKBP4,Gene,Q02790,Q02790
CCR5,Gene,P51681,P51681
QRFPR,Gene,Q96P65,Q96P65
F2,Gene,P00734,P00734
GPRC6A,Gene,Q5T6X5,Q5T6X5
PRMT1,Gene,Q99873,Q99873
PPARA,Gene,,
KLK1,Gene,,
KDM4B,Gene,O94953,O94953
CAMK2B,Gene,Q13554,Q13554
IRF6,Gene,O14896,O14896
SOCS3,Gene,O14543,O14543
FCGR1BP,Gene,Q92637,Q92637
CDKN1B,Gene,P46527,P46527
TRHR,Gene,P34981,P34981
HTR2A,Gene,P28223,P28223
TRPC6,Gene,Q9Y210,Q9Y210
PPP3CA,Gene,Q08209,Q08209
G ALPHA (I) SIGNALLING EVENTS,pathway,,
TAS2R30,Gene,P59541,P59541
GRP,Gene,P07492,P07492
CXCR3,Gene,P49682,P49682
TAS2R1,Gene,Q9NYW7,Q9NYW7
CCL4L1,Gene,Q8NHW4,Q8NHW4
AGT,Gene,P01019,P01019
GPR132,Gene,Q9UNW8,Q9UNW8
PTGES3,Gene,Q15185,Q15185
MLN,Gene,P12872,P12872
EGF,Gene,P01133,P01133
LPAR5,Gene,Q9H1C0,Q9H1C0
IFNGR2,Gene,P38484,P38484
PPP1R1B,Gene,Q9UD71,Q9UD71
HTR2C,Gene,P28335,P28335
CHRM4,Gene,P08173,P08173
GTF2A2,Gene,P52657,P52657
GCGR,Gene,P47871,P47871
LPAR6,Gene,P43657,P43657
GHRL,Gene,Q9UBU3-1,Q9UBU3-1
STAG1,Gene,Q8WVM7,Q8WVM7
PRKCG,Gene,P05129,P05129
TACR1,Gene,P25103,P25103
ESR1,Gene,P03372,P03372
ESR1,Gene,P03372-4,P03372-4
ESR1,Gene,P03372-3,P03372-3
MGLL,Gene,Q99685,Q99685
EBAG9,Gene,O00559,O00559
OPN1LW,Gene,P04000,P04000
CAV2,Gene,P51636,P51636
KANK1,Gene,Q14678,Q14678
LPAR2,Gene,Q9HBW0,Q9HBW0
IFNGR1,Gene,P15260,P15260
OXER1,Gene,Q8TDS5,Q8TDS5
RGSL1,Gene,A5PLK6,A5PLK6
RGS12,Gene,O14924,O14924
ADORA1,Gene,P30542,P30542
BCHE,Gene,,
GBP6,Gene,Q6ZN66,Q6ZN66
ADCY5,Gene,O95622,O95622
MAOA,Gene,,
HLA-DQB2,Gene,P05538,P05538
CXCL16,Gene,Q9H2A7,Q9H2A7
UHMK1,Gene,Q8TAS1,Q8TAS1
OAS1,Gene,P00973,P00973
PGR,Gene,P06401,P06401
GNB2,Gene,P62879,P62879
POLR2L,Gene,P62875,P62875
GNG13,Gene,Q9P2W3,Q9P2W3
ATF2,Gene,P15336,P15336
RAF1,Gene,P04049,P04049
AHCYL1,Gene,O43865,O43865
UTS2R,Gene,Q9UKP6,Q9UKP6
TAS2R60,Gene,P59551,P59551
NPBWR1,Gene,P48145,P48145
HLA-DQA1,Gene,P01909,P01909
AXIN1,Gene,O15169,O15169
TACR3,Gene,P29371,P29371
PLK1,Gene,,
CXCL1,Gene,P09341,P09341
TBP,Gene,P20226,P20226
HLA-DQA2,Gene,P01906,P01906
POLR2K,Gene,P53803,P53803
UTS2B,Gene,Q765I0,Q765I0
GRK2,Gene,P25098,P25098
SSTR3,Gene,P32745,P32745
GRM4,Gene,Q14833,Q14833
H2BC12,Gene,O60814,O60814
NTSR2,Gene,O95665,O95665
PIK3CG,Gene,,
BTC,Gene,P35070,P35070
CCL5,Gene,P13501,P13501
PRKDC,Gene,,
CNR1,Gene,P21554,P21554
LPAR1,Gene,Q92633,Q92633
GNAS,Gene,Q5JWF2,Q5JWF2
GNAS,Gene,P63092,P63092
H2AJ,Gene,Q9BTM1,Q9BTM1
F2RL3,Gene,Q96RI0,Q96RI0
TNRC6B,Gene,Q9UPQ9,Q9UPQ9
MMP2,Gene,P08253,P08253
RGS22,Gene,Q8NE09,Q8NE09
H2AC6,Gene,Q93077,Q93077
HRH1,Gene,P35367,P35367
PIK3R1,Gene,P27986,P27986
SP100,Gene,P23497,P23497
RGS13,Gene,O14921,O14921
CREB1,Gene,P16220-1,P16220-1
HSP90AA1,Gene,P07900,P07900
GNAT2,Gene,P19087,P19087
GBP7,Gene,Q8N8V2,Q8N8V2
ADRA2C,Gene,P18825,P18825
GBP3,Gene,Q9H0R5,Q9H0R5
RGS9,Gene,O75916,O75916
CA1,Gene,,
P2RY6,Gene,Q15077,Q15077
CCL25,Gene,O15444,O15444
ADCY2,Gene,Q08462,Q08462
PLAU,Gene,,
TAS1R3,Gene,Q7RTX0,Q7RTX0
P2RY13,Gene,Q9BPV8,Q9BPV8
GRM3,Gene,Q14832,Q14832
PDE3A,Gene,,
TAS2R14,Gene,Q9NYV8,Q9NYV8
HTR1B,Gene,P28222,P28222
TNRC6C,Gene,Q9HCJ0,Q9HCJ0
YBX1,Gene,P67809,P67809
PDE10A,Gene,,
TRIM46,Gene,Q7Z4K8,Q7Z4K8
ADCY4,Gene,Q8NFM4,Q8NFM4
HLA-DRB4,Gene,P13762,P13762
CDK5,Gene,Q00535,Q00535
ABL1,Gene,,
HLA-H,Gene,P01893,P01893
B2M,Gene,P61769,P61769
AKT3,Gene,Q9Y243,Q9Y243
MAPK14,Gene,,
FPR2,Gene,P25090,P25090
CXCL10,Gene,P02778,P02778
CCL19,Gene,Q99731,Q99731
GSK3A,Gene,,
SLC6A3,Gene,,
ABHD6,Gene,Q9BV23,Q9BV23
ANXA1,Gene,P04083,P04083
JUN,Gene,P05412,P05412
CXCR2,Gene,P25025,P25025
CXXC5,Gene,Q7LFL8,Q7LFL8
CCL13,Gene,Q99616,Q99616
CCL1,Gene,P22362,P22362
PPP2CB,Gene,P62714,P62714
TAS2R41,Gene,P59536,P59536
CXCL5,Gene,P42830,P42830
MCHR2,Gene,Q969V1,Q969V1
H2AC14,Gene,Q99878,Q99878
GHSR,Gene,Q92847,Q92847
MAPK3,Gene,P27361,P27361
TAS2R39,Gene,P59534,P59534
OAS2,Gene,P29728,P29728
TRIM22,Gene,Q8IYM9,Q8IYM9
GNGT2,Gene,O14610,O14610
PIK3R3,Gene,Q92569,Q92569
RGS6,Gene,P49758,P49758
IGF1R,Gene,P08069,P08069
TAS2R13,Gene,Q9NYV9,Q9NYV9
AVPR1B,Gene,P47901,P47901
GRM2,Gene,Q14416,Q14416
GALR3,Gene,O60755,O60755
FFAR4,Gene,Q5NUL3,Q5NUL3
IFI30,Gene,P13284,P13284
AXL,Gene,,
GBP1,Gene,P32455,P32455
NTRK1,Gene,,
HCAR1,Gene,Q9BXC0,Q9BXC0
GNG2,Gene,P59768,P59768
BRD4,Gene,,
MTOR,Gene,,
TNRC6A,Gene,Q8NDV7,Q8NDV7
NMS,Gene,Q5H8A3,Q5H8A3
FPR1,Gene,P21462,P21462
GALR1,Gene,P47211,P47211
SMAD7,Gene,O15105,O15105
NRIP1,Gene,P48552,P48552
OPRK1,Gene,P41145,P41145
PLCB1,Gene,Q9NQ66,Q9NQ66
CCND1,Gene,P24385,P24385
PPP2R5D,Gene,Q14738,Q14738
GABBR1,Gene,Q9UBS5,Q9UBS5
CXCL8,Gene,P10145,P10145
TRIM8,Gene,Q9BZR9,Q9BZR9
PPP5C,Gene,P53041,P53041
HLA-E,Gene,P13747,P13747
GNRH1,Gene,P01148,P01148
P2RY11,Gene,Q96G91,Q96G91
AURKA,Gene,,
NPFF,Gene,O15130,O15130
GAST,Gene,P01350,P01350
CCL16,Gene,O15467,O15467
H2AC20,Gene,Q16777,Q16777
F10,Gene,,
SLC6A2,Gene,,
HTR1D,Gene,P28221,P28221
CCNT1,Gene,O60563,O60563
RHO,Gene,P08100,P08100
MMP3,Gene,P08254,P08254
RGS1,Gene,Q08116,Q08116
GPSM2,Gene,P81274,P81274
CCL27,Gene,Q9Y4X3,Q9Y4X3
RPS6KA3,Gene,P51812,P51812
NMB,Gene,P08949,P08949
SSTR5,Gene,P35346,P35346
POLR2A,Gene,P24928,P24928
S1PR2,Gene,O95136,O95136
LPAR3,Gene,Q9UBY5,Q9UBY5
GPR68,Gene,Q15743,Q15743
TRIM29,Gene,Q14134,Q14134
HLA-DPA1,Gene,P20036,P20036
STAG2,Gene,Q8N3U4,Q8N3U4
NBEA,Gene,Q8NFP9,Q8NFP9
PDE4A,Gene,P27815,P27815
XCL2,Gene,Q9UBD3,Q9UBD3
DDX5,Gene,P17844,P17844
NPB,Gene,Q8NG41,Q8NG41
PPY,Gene,P01298,P01298
OPRM1,Gene,P35372,P35372
CAMK2G,Gene,Q13555,Q13555
TRH,Gene,P20396,P20396
POLR2D,Gene,O15514,O15514
H3-3A,Gene,P84243,P84243
RGS21,Gene,Q2M5E4,Q2M5E4
ADORA2A,Gene,,
C5AR1,Gene,P21730,P21730
OXT,Gene,P01178,P01178
AGO3,Gene,Q9H9G7,Q9H9G7
RASGRP1,Gene,O95267,O95267
OPN1SW,Gene,P03999,P03999
H2AZ2,Gene,Q71UI9,Q71UI9
CALM1,Gene,P0DP23,P0DP23
TAC1,Gene,P20366,P20366
GPR143,Gene,P51810,P51810
SHC1,Gene,P29353-2,P29353-2
SHC1,Gene,P29353-1,P29353-1
SHC1,Gene,P29353-3,P29353-3
ATR,Gene,,
GPR37L1,Gene,O60883,O60883
P2RY2,Gene,P41231,P41231
ITPR3,Gene,Q14573,Q14573
TAS2R45,Gene,P59539,P59539
H2BC13,Gene,Q99880,Q99880
PTPN2,Gene,P17706-2,P17706-2
MAPK1,Gene,P28482,P28482
PDE1A,Gene,P54750,P54750
IRF9,Gene,Q00978,Q00978
EREG,Gene,O14944,O14944
PROKR2,Gene,Q8NFJ6,Q8NFJ6
PDYN,Gene,P01213,P01213
H2BC5,Gene,P58876,P58876
NPY5R,Gene,Q15761,Q15761
CSNK2A1,Gene,,
H2BC21,Gene,Q16778,Q16778
GNAT3,Gene,A8MTJ3,A8MTJ3
P2RY10,Gene,O00398,O00398
TAS2R20,Gene,P59543,P59543
PTGFR,Gene,P43088,P43088
EDNRA,Gene,P25101,P25101
H2AC4,Gene,P04908,P04908
NTS,Gene,P30990,P30990
AGO4,Gene,Q9HCK5,Q9HCK5
TRIM48,Gene,Q8IWZ4,Q8IWZ4
H3C15,Gene,Q71DI3,Q71DI3
CACNA1H,Gene,,
HTR5A,Gene,P47898,P47898
IRF5,Gene,Q13568,Q13568
PPP3CC,Gene,P48454,P48454
CCR2,Gene,P41597,P41597
NMU,Gene,P48645,P48645
DGKB,Gene,Q9Y6T7,Q9Y6T7
AGTR1,Gene,P30556,P30556
FOXA1,Gene,P55317,P55317
AGO2,Gene,Q9UKV8,Q9UKV8
PRKCI,Gene,,
CBFB,Gene,Q13951,Q13951
C5,Gene,P01031,P01031
GNAT1,Gene,P11488,P11488
POLR2J,Gene,P52435,P52435
POLR2F,Gene,P61218,P61218
SPHK1,Gene,Q9NYA1,Q9NYA1
RGS11,Gene,O94810,O94810
ZDHHC21,Gene,Q8IVQ6,Q8IVQ6
PTK2,Gene,Q05397,Q05397
TRIM62,Gene,Q9BVG3,Q9BVG3
NPSR1,Gene,Q6W5P4,Q6W5P4
ALOX5,Gene,,
RXFP3,Gene,Q9NSD7,Q9NSD7
HLA-B,Gene,P01889,P01889
HCAR2,Gene,Q8TDS4,Q8TDS4
RASGRP2,Gene,Q7LDG7,Q7LDG7
NPFFR2,Gene,Q9Y5X5,Q9Y5X5
GPR17,Gene,Q13304,Q13304
CAMK2A,Gene,Q9UQM7,Q9UQM7
MYB,Gene,P10242,P10242
DGKG,Gene,P49619,P49619
PPID,Gene,Q08752,Q08752
RALOXIFENO,drug,,
IRF8,Gene,Q02556,Q02556
CCL23,Gene,P55773-2,P55773-2
SMC3,Gene,Q9UQE7,Q9UQE7
EDNRB,Gene,P24530,P24530
KISS1,Gene,Q15726,Q15726
CYP2C9,Gene,,
PRKAR1A,Gene,P10644,P10644
TRIM10,Gene,Q9UDY6,Q9UDY6
EDN2,Gene,P20800,P20800
AVPR1A,Gene,P37288,P37288
GNB3,Gene,P16520,P16520
H3C1,Gene,P68431,P68431
NPBWR2,Gene,P48146,P48146
OPN4,Gene,Q9UHM6,Q9UHM6
PDE7A,Gene,,
PIK3CA,Gene,P42336,P42336
F7,Gene,,
PTPN6,Gene,P29350,P29350
ACE,Gene,,
IFNG,Gene,P01579,P01579
MTNR1A,Gene,P48039,P48039
JAK2,Gene,O60674,O60674
ALK,Gene,,
GNG7,Gene,O60262,O60262
CAV1,Gene,Q03135,Q03135
IRF7,Gene,Q92985,Q92985
TRIM38,Gene,O00635,O00635
GTF2A1,Gene,P52655,P52655
CHRM3,Gene,P20309,P20309
CCL28,Gene,Q9NRJ3,Q9NRJ3
GNA11,Gene,P29992,P29992
IRF3,Gene,Q14653,Q14653
HLA-G,Gene,P17693,P17693
HLA-DQB1,Gene,P01920,P01920
PDE5A,Gene,,
C3AR1,Gene,Q16581,Q16581
AKT1,Gene,P31749,P31749
PRKAR2A,Gene,P13861,P13861
CYP11B1,Gene,,
DGKA,Gene,P23743,P23743
YY1,Gene,P25490,P25490
DRD3,Gene,P35462,P35462
H2BC17,Gene,P23527,P23527
SOCS1,Gene,O15524,O15524
USF1,Gene,P22415,P22415
TRIM31,Gene,Q9BZY9,Q9BZY9
ATG4B,Gene,,
GNB5,Gene,O14775,O14775
RGS20,Gene,O76081,O76081
TBXA2R,Gene,P21731,P21731
ICAM1,Gene,P05362,P05362
NPY1R,Gene,P25929,P25929
PYY,Gene,P10082,P10082
CAMK2D,Gene,Q13557,Q13557
MLNR,Gene,O43193,O43193
AOC3,Gene,,
CCR3,Gene,P51677,P51677
BRS3,Gene,P32247,P32247
CXCR5,Gene,P32302,P32302
PRKACA,Gene,P17612,P17612
STRN,Gene,O43815,O43815
CXCL11,Gene,O14625,O14625
GPR4,Gene,P46093,P46093
PLCB3,Gene,Q01970,Q01970
CCKAR,Gene,P32238,P32238
GNG4,Gene,P50150,P50150
NPW,Gene,Q8N729,Q8N729
POLR2I,Gene,P36954,P36954
FOXO3,Gene,O43524,O43524
GPER1,Gene,Q99527,Q99527
GBP4,Gene,Q96PP9,Q96PP9
GPR183,Gene,P32249,P32249
HTR1F,Gene,P30939,P30939
HBEGF,Gene,Q99075,Q99075
OPRL1,Gene,P41146,P41146
PSAP,Gene,P07602,P07602
DOT1L,Gene,,
PDE4B,Gene,Q07343-3,Q07343-3
GPR65,Gene,Q8IYL9,Q8IYL9
ADCY9,Gene,O60503,O60503
KRAS,Gene,P01116-2,P01116-2
KRAS,Gene,P01116-1,P01116-1
PMCH,Gene,P20382,P20382
ARHGEF25,Gene,Q86VW2,Q86VW2
GNAZ,Gene,P19086,P19086
NCAM1,Gene,P13591,P13591
POLR2E,Gene,P19388,P19388
ELK1,Gene,P19419,P19419
H2AX,Gene,P16104,P16104
SRF,Gene,P11831,P11831
TACR2,Gene,P21452,P21452
FPR3,Gene,P25089,P25089
RPS6KA2,Gene,Q15349,Q15349
GNAI2,Gene,P04899,P04899
CHRM5,Gene,P08912,P08912
GATA3,Gene,P23771,P23771
PROK1,Gene,P58294,P58294
GRM1,Gene,Q13255,Q13255
RGS8,Gene,P57771,P57771
PDE4C,Gene,Q08493,Q08493
OXGR1,Gene,Q96P68,Q96P68
PRKAR2B,Gene,P31323,P31323
CDK9,Gene,P50750,P50750
BDKRB2,Gene,P30411,P30411
GTF2F1,Gene,P35269,P35269
H2BC1,Gene,Q96A08,Q96A08
HDAC1,Gene,Q13547,Q13547
PTAFR,Gene,P25105,P25105
CHEK2,Gene,,
EP300,Gene,Q09472,Q09472
XCL1,Gene,P47992,P47992
H2AC7,Gene,P20671,P20671
ADCY3,Gene,O60266,O60266
TRIM3,Gene,O75382,O75382
GPR31,Gene,O00270,O00270
CHD1,Gene,O14646,O14646
DGKQ,Gene,P52824,P52824
PAK1,Gene,,
TRIM26,Gene,Q12899,Q12899
APP,Gene,P05067,P05067
IRF2,Gene,P14316,P14316
PRKCZ,Gene,Q05513,Q05513
CXCL9,Gene,Q07325,Q07325
PRKACB,Gene,P22694,P22694
RORC,Gene,,
POLR2B,Gene,P30876,P30876
NCOA1,Gene,Q15788,Q15788
FFAR1,Gene,O14842,O14842
HLA-DRB5,Gene,Q30154,Q30154
HRH4,Gene,Q9H3N8,Q9H3N8
HLA-DRB3,Gene,P79483,P79483
TRIM5,Gene,Q9C035,Q9C035
POU2F1,Gene,P14859,P14859
ADCY1,Gene,Q08828,Q08828
GRM6,Gene,O15303,O15303
XPO1,Gene,O14980,O14980
PRKCH,Gene,P24723,P24723
BTK,Gene,Q06187,Q06187
ADRA1A,Gene,P35348,P35348
GNG11,Gene,P61952,P61952
PLCB4,Gene,Q15147,Q15147
FFAR2,Gene,O15552,O15552
RGS4,Gene,P49798,P49798
H2AB1,Gene,P0C5Y9,P0C5Y9
CHRM1,Gene,P11229,P11229
TRIM68,Gene,Q6AZZ1,Q6AZZ1
ADRA1B,Gene,P35368,P35368
APLN,Gene,Q9ULZ1,Q9ULZ1
SSTR1,Gene,P30872,P30872
PIK3R2,Gene,O00459,O00459
TRIM34,Gene,Q9BYJ4,Q9BYJ4
NOS3,Gene,P29474,P29474
PTGER1,Gene,P34995,P34995
CXCL13,Gene,O43927,O43927
CHRNA7,Gene,,
PTPN11,Gene,Q06124,Q06124
NEK2,Gene,,
CCR7,Gene,P32248,P32248
RGS14,Gene,O43566,O43566
PPBP,Gene,P02775,P02775
PDE1C,Gene,Q14123,Q14123
NPS,Gene,P0C0P6,P0C0P6
KALRN,Gene,O60229,O60229
MET,Gene,,
MOV10,Gene,Q9HCE1,Q9HCE1
TAS1R1,Gene,Q7RTX1,Q7RTX1
EGFR,Gene,P00533,P00533
HLA-A,Gene,P04439,P04439
TRIM25,Gene,Q14258,Q14258
MID1,Gene,O15344,O15344
PRKCA,Gene,P17252,P17252
GPAM,Gene,Q9HCL2,Q9HCL2
SMC1A,Gene,Q14683,Q14683
GBP2,Gene,P32456,P32456
TRIM2,Gene,Q9C040,Q9C040
HCRTR2,Gene,O43614,O43614
RGS19,Gene,P49795,P49795
OXTR,Gene,P30559,P30559
NR5A2,Gene,O00482,O00482
GPR55,Gene,Q9Y2T6,Q9Y2T6
TRIM6,Gene,Q9C030,Q9C030
IRF1,Gene,P10914,P10914
RGS16,Gene,O15492,O15492
PPP3CB,Gene,P16298,P16298
VCAM1,Gene,P19320,P19320
FOS,Gene,P01100,P01100
ZDHHC7,Gene,Q9NXF8,Q9NXF8
GNG12,Gene,Q9UBI6,Q9UBI6
OPRD1,Gene,P41143,P41143
CREBBP,Gene,Q92793,Q92793
CARM1,Gene,Q86X55,Q86X55
ESR-MEDIATED SIGNALING,pathway,,
GNG5,Gene,P63218,P63218
S1PR5,Gene,Q9H228,Q9H228
CYP2C19,Gene,,
HCAR3,Gene,P49019,P49019
DRD4,Gene,P21917,P21917
ITPR2,Gene,Q14571,Q14571
H4C1,Gene,P62805,P62805
CCK,Gene,P06307,P06307
RGS2,Gene,P41220,P41220
SOS1,Gene,Q07889,Q07889
HRAS,Gene,P01112,P01112
CXCL2,Gene,P19875,P19875
EDN3,Gene,P14138,P14138
GCG,Gene,P01275,P01275
PTGER3,Gene,P43115,P43115
MCHR1,Gene,Q99705,Q99705
SSTR4,Gene,P31391,P31391
LCK,Gene,,
DAGLB,Gene,Q8NCG7,Q8NCG7
CYP19A1,Gene,,
OPN1MW,Gene,P04001,P04001
TRIM45,Gene,Q9H8W5,Q9H8W5
S1PR4,Gene,O95977,O95977
OAS3,Gene,Q9Y6K5,Q9Y6K5
TRIM17,Gene,Q9Y577,Q9Y577
TFF1,Gene,P04155,P04155
P2RY4,Gene,P51582,P51582
TAS2R38,Gene,P59533,P59533
PDPK1,Gene,O15530,O15530
CCR1,Gene,P32246,P32246
PPP3R1,Gene,P63098,P63098
CASR,Gene,P41180,P41180
F2R,Gene,P25116,P25116
RAD21,Gene,O60216,O60216
GREB1,Gene,Q4ZG55,Q4ZG55
TAS2R16,Gene,Q9NYV7,Q9NYV7
H2BC9,Gene,Q93079,Q93079
KISS1R,Gene,Q969F8,Q969F8
TFF3,Gene,Q07654,Q07654
DGKH,Gene,Q86XP1,Q86XP1
CXCL12,Gene,P48061,P48061
PPP1CA,Gene,P62136,P62136
HTR1E,Gene,P28566,P28566
PIK3CD,Gene,,
NCOA3,Gene,Q9Y6Q9,Q9Y6Q9
H2AC18,Gene,Q6FI13,Q6FI13
ADRA2B,Gene,P18089,P18089
KPNA2,Gene,P52292,P52292
CDK2,Gene,,
MAPK7,Gene,Q13164,Q13164
LPAR4,Gene,Q99677,Q99677
OPN3,Gene,Q9H1Y3,Q9H1Y3
MT2A,Gene,P02795,P02795
ZNF217,Gene,O75362,O75362
PDE2A,Gene,,
PROKR1,Gene,Q8TCW9,Q8TCW9
ITPR1,Gene,Q14643,Q14643
